mutant	score
E111W:N112E:L113N:E114L:D115F:N116L:S117E:K118D:E119N:W120S:T121K:S122E:L123T:F124S	1.453323226
W120D:T121N:S122D:L123I:F124P:D125V:N126T:D127T:I128D:P129D:T131W:D133S:D134L:V135F	1.260276647
W120T:T121S:S122D:L123N:F124D:D125I:N126P:D127V:I128T:P129W:V130T:T131D:T132L:D133F	1.233609136
