mutant	score
E109D:E111D:N112D:L113N:E114Q:D115L:N116A:S117G:K118N:E119T:W120V:T121S:S122G:L123S:F124S:D127P:I128E:P129N:V130W:T132S:D133L:D134F:V135D:S136D:L137D:A138V:D139E:K140I:A141K:I142V:S144D	1.141162256
S101E:T102N:S104D:T105V:P106A:F108L:E109S:Y110T:E111D:N112E:L113D:E114Y:N116S:K118T:E119P:S122E:D125P:N126L:D127E:I128A:P129D:V130S:T131N:D133K:S136T:L137N:A138F:D139S:A141I:I142S:S144I	1.335293531
T102D:T105P:P106D:M107I:F108T:Y110T:N112A:L113T:D115N:N116S:S117T:E119S:T121N:S122D:N126M:D127T:I128V:P129L:V130K:T131S:T132F:D133V:D134E:V135P:A138E:D139A:K140I:A141D:I142Y:E143D:S144N	1.1956298
