mutant	score
E111W:N112T:L113S:E114L:D115F:N116E:S117N:K118L:W120D:T121N:L123K:F124E	1.3954267580000002
L113W:E114L:D115E:N116L:S117F:K118D:E119N:W120S:T121K:S122E:L123T:F124S	1.206459359
