mutant	score
D103E:S104N:E109A:Y110F:N112A:D115S:S117P:E119N:S122P:P129A:T132A:D133E:S136N:L137S:D139S:K140T	1.764673104
F108W:E109F:Y110E:E111L:N112F:L113Y:D115N:N116L:S117E:K118D:E119N:W120S:T121K:S122E:L123T:F124S	1.344809092
K118D:E119I:W120P:T121V:S122T:L123T:F124D:N126V:D127K:I128E:P129W:V130T:T131S:T132L:D133F:V135N	1.226797549
S104W:P106S:M107L:E109S:Y110T:E111P:N112M:L113F:D115Y:N116E:S117N:K118L:W120D:T121N:L123K:F124E	1.4687305780000002
W120D:T121N:S122D:L123I:F124P:D125V:N126T:D127T:I128D:P129D:T131S:T132L:D133A:D134W:V135T:A138F	1.392360876
