mutant	score
D103E:D125E	1.688455211
D103K:K118Q	1.613898258
D115E:D125E	1.5254047469999998
D125E:A138M	1.620806371
D125E:D127E	1.543761208
D125E:D134E	1.558784423
D125E:D139E	1.165309589
D127E:D133E	1.324059213
D127E:D134E	1.273771998
E109D:E119D	1.353133497
E109N:T131D	1.360039157
E111D:E114D	1.515916339
E111D:E119D	1.357939206
E111Q:D127N	1.751783963
E114D:E143D	1.303794172
E114L:V130P	1.223976675
E114Q:D115N	1.232197774
E119Q:D125N	1.506822593
E119Q:E143Q	1.3619296319999998
I142S:E143M	0.0
K118R:K140R	1.622197528
L113G:N126S	1.673048471
L113H:E119M	1.429817846
L123W:F124W	1.229022583
M107A:I142A	1.377814536
M107A:L123A	1.175484701
M107A:V130A	1.5607224119999998
M107A:V135A	1.397830511
M107F:I128G	1.384584019
N112D:N116D	1.519705001
N112D:N126D	1.335259427
N112E:N116E	1.5735970190000002
N112E:N126E	1.721160894
N116A:A138G	1.4662351340000002
N116D:N126D	0.992787564
N116E:N126E	1.429176356
N116Q:D133Q	1.63879957
P129T:S136P	1.718559404
S101G:N126S	1.499794219
S104D:S136D	1.160381995
S104D:T132D	1.387383215
S117D:T131D	1.458367675
S122D:S136D	1.348976152
S122D:S144D	1.588266727
T102D:S104D	1.56390212
T105D:S136D	0.0
T105D:T121D	1.484104748
T105D:T132D	1.461731334
T105L:Y110A	1.557905409
T121D:T131D	1.48149574
T121N:A138M	1.84995357
T121Q:D127S	1.606918421
T131D:S144D	1.469513019
T131D:T132D	1.415060939
Y110M:T132C	1.283938995
