mutant	score
K118D:E119I:W120P:T121V:S122T:L123T:F124D:N126V:D127S:I128K:P129E:V130W:T132S:D133L:D134F:V135D:S136N	1.7413404259999998
W120T:T121S:S122D:L123N:F124D:D125I:N126P:D127V:I128T:P129T:V130D:T131D:T132W:D133V:D134S:V135L:S136F	1.049003146
