mutant	score
D103N:E109Q:D115N:D125N:D127N:D134N:D139N:E143Q	1.409376959
D103N:E109Q:E111Q:D115N:D125N:D127N:D133N:D139N	1.3882080419999998
D103N:E109Q:E111Q:E114Q:D115N:D127N:D133N:E143Q	1.255228737
D103N:E109Q:E111Q:E114Q:D125N:D133N:D139N:E143Q	1.41645922
D103N:E109Q:E114Q:E119Q:D125N:D127N:D134N:E143Q	1.398841929
D103N:E109Q:E119Q:D125N:D127N:D133N:D134N:D139N	1.400290085
D103N:E111Q:D115N:E119Q:D127N:D133N:D139N:E143Q	1.515095532
D115W:N116T:K118L:E119F:W120D:T121N:L123K:F124E	1.453368256
E109Q:E111Q:D115N:D125N:D127N:D133N:D134N:D139N	1.2780320509999998
E109Q:E111Q:D125N:D127N:D133N:D134N:D139N:E143Q	1.41257063
E111Q:E114Q:D115N:D125N:D133N:D134N:D139N:E143Q	1.432461225
E111Q:E114Q:D115N:E119Q:D125N:D133N:D134N:D139N	1.345985755
E111Q:E114Q:E119Q:D125N:D127N:D133N:D134N:D139N	1.302180768
S117W:K118S:E119K:W120L:T121F:S122E:L123T:F124S	1.188880615
