mutant	score
M107L:Y110F:N112T:E114N:D115K:N116T:K118N:E119S:W120N:T121A:S122V:L123Q:F124G:D125K:N126D:D127A:I128S:P129S:V130S:T131D:T132P:D133I:D134A:V135N:L137A:A138S:D139H:K140E:A141W:I142T:E143S:S144L	1.264954133
S101D:D103A:S104E:P106V:M107E:F108S:E109M:Y110D:E111Y:N112V:L113N:E114S:D115E:N116E:K118F:T121S:S122D:D125P:D127P:I128N:P129T:V130K:T131D:T132S:V135I:S136L:L137S:D139L:K140D:A141K:E143T:S144T	1.392688825
S101D:T102M:D103P:S104E:T105V:P106T:M107N:F108L:Y110N:E111I:N112Y:L113N:E114D:N116S:K118T:E119D:T121K:S122A:D125P:N126K:I128S:P129T:V130S:T131E:D134S:V135E:S136F:L137V:A138S:K140I:I142L:S144T	1.322911078
S101D:T102S:D103P:S104E:T105A:P106K:M107L:F108T:E109D:E111D:N112I:L113S:E114S:D115K:N116E:S117A:K118S:T121P:S122T:I128T:P129T:V130I:T131S:T132N:D133E:V135N:A138T:K140V:A141F:I142E:E143M:S144V	1.61581726
S101E:P106N:M107N:F108E:E109S:Y110D:E111N:N112D:L113E:E114S:N116D:K118A:E119K:S122E:D125S:N126M:D127I:I128K:P129T:T131S:T132I:D133E:D134P:V135T:S136Y:L137D:A138V:D139P:K140F:I142L:E143L:S144D	1.375843198
S101F:T102E:D103T:T105D:P106I:F108I:Y110L:E111T:L113P:E114Y:D115T:N116E:S117T:K118D:E119V:T121S:N126D:D127N:I128N:P129A:T131K:T132K:D133L:V135D:S136D:L137A:A138E:D139S:K140P:A141T:I142E:E143S	1.325609489
S101K:D103S:S104L:P106D:M107N:F108S:E109I:Y110M:E111D:N112Y:L113A:E114V:N116S:S117D:T121D:D125V:N126I:D127A:I128E:P129N:V130F:T131S:D133P:D134T:V135E:S136L:L137E:A138T:K140N:A141E:I142P:E143D	1.486979464
T102S:M107L:Y110F:N112G:E114G:D115K:N116T:S117A:K118D:E119P:W120K:S122W:L123S:F124S:D125L:N126F:I128D:P129D:V130I:T131P:T132V:D133T:D134L:V135E:S136D:L137V:A138G:D139A:K140V:A141E:I142P:E143I	1.343104241
