mutant	score
D103E:D115E:D125E:D127E:D133E:D134E:D139E	1.495910427
D115N:D125N:D127N:D133N:D134N:D139N:E143Q	1.08250501
K118W:E119K:W120E:T121L:S122F:L123T:F124S	1.509442211
W120D:T121N:S122W:L123T:F124S:D125L:N126F	1.610858835
W120T:T121S:S122D:L123W:F124N:N126L:D127F	1.533486406
