mutant	score
S101W:D103S:S104L:T105F:P106S:M107T:F108D:E109S:Y110T:E111P:N112M:L113F:D115Y:N116E:S117N:K118L:W120D:T121N:L123K:F124E	1.266713842
W120D:T121N:S122D:L123I:F124P:D125V:N126T:D127T:I128D:P129D:T131S:T132L:D133A:V135K:S136A:L137W:A138T:D139S:K140L:A141F	1.251643976
