mutant	score
D103A	1.5439323050000002
D103E	1.6103073140000002
D103N	1.598294713
D139E	1.664214576
F108L	1.6273571919999998
F108Y	0.0
F124A	1.175348461142857
F124I	1.527067935
F124W	1.162099572
I128A	1.5927216240000002
I142A	1.317032637
I142W	1.09132708
K118D	1.6621124369999998
K140R	1.577989742
K140S	1.311918215
L113A	1.6216774619999998
L113F	1.339101553
L113W	1.266812855
L123A	1.2324764398333334
L137A	1.645363015
L137W	1.158584898
M107A	1.22296580725
N112E	1.5633394930000002
N116D	1.667267101
N116E	1.283787331
S101D	1.589923273
S122P	1.42209935325
T102V	1.656925836
T105V	1.429237561
V135A	1.4854649
W120A	1.1372832875
Y110A	1.378046655
Y110F	1.613141076
