mutant	score
D561C:E562S:E563L:E564C:I565L:T567M:T568I:N569L:P570F:V571Y:A572M:T573H:E574C:Q575C:Y576Q:G577F:S578I:V579L:S580Q:T581G:N582T:L583V:Q584L:R585I:G586S:N587A:R588H	-3.67686720804
D561F:E562G:E563H:E564Y:I565V:R566A:T567C:T568C:P570T:V571F:A572C:T573M:E574D:Q575I:Y576C:G577Y:S578A:V579A:S580C:T581A:N582L:L583P:Q584E:R585F:G586D:N587F:R588G	-3.85602253554
D561G:E562V:E564V:I565L:R566H:T567V:T568V:N569M:P570T:V571F:A572I:T573H:E574F:Q575P:Y576F:G577W:S578G:V579R:S580G:T581F:N582P:L583F:Q584G:R585I:G586L:N587T:R588W	-4.01280216092
D561H:E562I:E563D:E564N:I565C:R566C:T567A:T568F:P570F:V571I:A572L:T573V:E574A:Q575S:Y576Q:G577L:S578T:V579W:S580W:T581M:N582C:L583I:Q584C:R585G:G586M:N587E:R588M	-3.74797447326
D561I:E562N:E563D:E564T:I565C:R566S:T567A:N569F:P570F:V571P:A572M:T573C:E574I:Q575W:Y576I:G577Q:S578V:V579G:S580V:T581G:N582L:L583Y:Q584C:R585D:G586S:N587D:R588P	-3.67754373562
D561P:E562G:E563W:E564S:I565T:R566H:T567A:T568V:P570G:V571T:A572V:T573M:E574H:Q575F:Y576F:G577Q:S578A:V579K:S580F:T581V:N582T:L583P:Q584D:R585D:G586P:N587L:R588H	-5.84264653122
D561P:E562N:E563S:E564H:I565M:R566A:T567P:T568V:P570T:V571I:A572E:T573F:E574L:Q575I:Y576G:G577W:S578W:V579W:S580E:T581M:N582P:L583A:Q584H:R585P:G586Y:N587T:R588A	-4.5533705422800015
D561S:E562V:E563F:E564V:R566N:T567A:T568C:N569I:P570Y:V571G:A572L:T573W:E574L:Q575I:Y576F:G577Q:S578N:V579A:S580Y:T581F:N582H:L583P:Q584D:R585F:G586F:N587Q:R588F	-5.571640458289419
