mutant	score
D561C:E562S:E563L:E564C:I565L:R566H:T567M:T568I:N569L:P570F:V571Y:A572M:T573H:E574C:Q575C:Y576Q:G577F:S578I:V579L:S580Q:T581G:N582T:L583V:Q584L:R585I:G586S:N587A:R588H	-3.70807480679
D561H:E562I:E563D:E564N:I565C:R566C:T567A:T568F:N569C:P570F:V571I:A572L:T573V:E574A:Q575S:Y576Q:G577L:S578T:V579W:S580W:T581M:N582C:L583I:Q584C:R585G:G586M:N587E:R588M	-3.832229915280002
D561S:E562V:E563F:E564V:I565V:R566N:T567A:T568C:N569I:P570Y:V571G:A572L:T573W:E574L:Q575I:Y576F:G577Q:S578N:V579A:S580Y:T581F:N582H:L583P:Q584D:R585F:G586F:N587Q:R588F	-3.22430626612
